{
    "save_timestamp": 1683603607.949288,
    "correct_keypresses": 1,
    "incorrect_keypresses": 1,
    "accuracy_percentage": 0,
    "word_count": 0,
    "start_time_timestamp": 1683603606.944213,
    "latest_time_timestamp": 1683603607.949288,
    "typed_letters": [
        "True,x,1683603606.944213",
        "False,z,1683603607.949288"
    ]
}