{
    "save_timestamp": 1683517665.795282,
    "correct_keypresses": 148,
    "incorrect_keypresses": 1,
    "accuracy_percentage": 0,
    "word_count": 0,
    "start_time_timestamp": 1683517651.54307,
    "latest_time_timestamp": 1683517665.763165,
    "typed_letters": [
        "True,P,1683517651.54307",
        "True,a,1683517651.676751",
        "True,i,1683517651.74465",
        "True,r,1683517651.859599",
        "True, ,1683517651.925394",
        "True,p,1683517652.023993",
        "True,r,1683517652.104773",
        "True,o,1683517652.20488",
        "True,g,1683517652.31812",
        "True,r,1683517652.481019",
        "True,a,1683517652.56231",
        "True,m,1683517652.628017",
        "True,m,1683517652.745935",
        "True,i,1683517652.828368",
        "True,n,1683517652.893856",
        "True,g,1683517652.942464",
        "True, ,1683517653.009106",
        "True,i,1683517653.074111",
        "True,s,1683517653.141122",
        "True, ,1683517653.238093",
        "True,w,1683517653.433695",
        "True,h,1683517653.515227",
        "True,e,1683517653.627998",
        "True,n,1683517653.678532",
        "True, ,1683517653.763232",
        "True,t,1683517653.797234",
        "True,w,1683517653.895857",
        "True,o,1683517653.994305",
        "True, ,1683517654.057691",
        "True,t,1683517654.176183",
        "True,e,1683517654.257934",
        "True,a,1683517654.341203",
        "True,m,1683517654.423245",
        "True, ,1683517654.472371",
        "True,m,1683517654.571059",
        "True,e,1683517654.637801",
        "True,m,1683517654.721072",
        "True,b,1683517654.86841",
        "True,e,1683517655.015131",
        "True,r,1683517655.064291",
        "True,s,1683517655.146123",
        "True, ,1683517655.179572",
        "True,w,1683517655.346956",
        "True,o,1683517655.413481",
        "True,r,1683517655.514191",
        "True,k,1683517655.579352",
        "True, ,1683517655.646543",
        "True,t,1683517655.762245",
        "True,o,1683517655.827362",
        "True,g,1683517655.95752",
        "True,e,1683517656.106018",
        "True,t,1683517656.155411",
        "True,h,1683517656.23924",
        "True,e,1683517656.337238",
        "True,r,1683517656.35427",
        "True, ,1683517656.422643",
        "True,t,1683517656.538851",
        "True,o,1683517656.604342",
        "True, ,1683517656.653626",
        "True,a,1683517656.754481",
        "True,c,1683517656.886633",
        "True,c,1683517657.034317",
        "True,o,1683517657.09846",
        "True,m,1683517657.165567",
        "True,p,1683517657.232565",
        "True,l,1683517657.381396",
        "True,i,1683517657.546415",
        "True,s,1683517657.578745",
        "True,h,1683517657.660567",
        "True, ,1683517657.744338",
        "True,a,1683517657.745337",
        "True, ,1683517657.873597",
        "True,s,1683517658.057628",
        "True,i,1683517658.190133",
        "True,n,1683517658.289096",
        "True,g,1683517658.371502",
        "True,l,1683517658.505664",
        "True,e,1683517658.591393",
        "True, ,1683517658.658545",
        "True,t,1683517658.724876",
        "True,a,1683517658.807468",
        "True,s,1683517658.908758",
        "True,k,1683517658.909759",
        "True,.,1683517659.110712",
        "True, ,1683517659.178024",
        "True,A,1683517659.277577",
        "True,m,1683517659.394978",
        "True,o,1683517659.462841",
        "True,n,1683517659.561622",
        "True,g,1683517659.612004",
        "True, ,1683517659.677969",
        "True,p,1683517659.779843",
        "True,a,1683517659.86292",
        "True,i,1683517659.944501",
        "True,r,1683517660.06261",
        "True, ,1683517660.079887",
        "True,p,1683517660.179619",
        "True,r,1683517660.29882",
        "True,o,1683517660.31448",
        "True,g,1683517660.480188",
        "True,r,1683517660.64578",
        "True,a,1683517660.711003",
        "True,m,1683517660.743721",
        "True,m,1683517660.878667",
        "True,i,1683517660.962977",
        "True,n,1683517661.045272",
        "True,g,1683517661.095036",
        "True,',1683517661.194866",
        "True,s,1683517661.310741",
        "True, ,1683517661.393823",
        "True,m,1683517661.60783",
        "True,a,1683517661.640877",
        "True,n,1683517661.821858",
        "True,y,1683517661.920742",
        "True, ,1683517662.020314",
        "True,b,1683517662.181803",
        "True,e,1683517662.328228",
        "True,n,1683517662.377018",
        "False,e,1683517662.54213",
        "True,e,1683517663.006493",
        "True,f,1683517663.123172",
        "True,i,1683517663.206844",
        "True,t,1683517663.319456",
        "True,s,1683517663.387281",
        "True, ,1683517663.437225",
        "True,a,1683517663.537124",
        "True,r,1683517663.602005",
        "True,e,1683517663.66584",
        "True, ,1683517663.732189",
        "True,c,1683517663.862338",
        "True,o,1683517663.910417",
        "True,l,1683517664.061077",
        "True,l,1683517664.160158",
        "True,e,1683517664.176257",
        "True,c,1683517664.224198",
        "True,t,1683517664.386312",
        "True,i,1683517664.435655",
        "True,v,1683517664.584315",
        "True,e,1683517664.63433",
        "True, ,1683517664.668173",
        "True,c,1683517664.803097",
        "True,o,1683517664.85233",
        "True,d,1683517664.934058",
        "True,e,1683517665.098536",
        "True, ,1683517665.16428",
        "True,o,1683517665.471347",
        "True,w,1683517665.552296",
        "True,n,1683517665.665364",
        "True,e,1683517665.763165"
    ]
}