{
    "save_timestamp": 1683517554.735722,
    "correct_keypresses": 2,
    "incorrect_keypresses": 1,
    "accuracy_percentage": 0,
    "word_count": 0,
    "start_time_timestamp": 1683517553.568952,
    "latest_time_timestamp": 1683517554.731774,
    "typed_letters": [
        "True,P,1683517553.568952",
        "True,a,1683517553.866825",
        "False,i,1683517554.731774"
    ]
}