{
    "save_timestamp": 1683604344.020226,
    "correct_keypresses": 115,
    "incorrect_keypresses": 8,
    "accuracy_percentage": 0,
    "word_count": 0,
    "start_time_timestamp": 1683604330.020645,
    "latest_time_timestamp": 1683604343.952852,
    "typed_letters": [
        "True,P,1683604330.020645",
        "True,a,1683604330.172873",
        "True,i,1683604330.205675",
        "True,r,1683604330.338659",
        "True, ,1683604330.355757",
        "True,p,1683604330.491882",
        "True,r,1683604330.559555",
        "True,o,1683604330.626824",
        "True,g,1683604330.744582",
        "True,r,1683604330.907824",
        "True,a,1683604330.940893",
        "True,m,1683604331.024085",
        "True,m,1683604331.155974",
        "True,i,1683604331.22287",
        "True,n,1683604331.306956",
        "True,g,1683604331.37375",
        "True, ,1683604331.407679",
        "True,i,1683604331.4911",
        "True,s,1683604331.53909",
        "True, ,1683604331.623409",
        "False,w,1683604331.724878",
        "False,h,1683604331.77503",
        "True,w,1683604332.241457",
        "True,h,1683604332.324626",
        "True,e,1683604332.425985",
        "True,n,1683604332.460164",
        "True, ,1683604332.509778",
        "True,t,1683604332.576159",
        "False,w,1683604332.674433",
        "True,o,1683604332.675433",
        "True, ,1683604332.788758",
        "True,w,1683604333.35394",
        "True,o,1683604333.632692",
        "True, ,1683604333.683261",
        "True,t,1683604333.780297",
        "True,e,1683604333.86027",
        "True,a,1683604333.95787",
        "True,m,1683604333.99162",
        "True, ,1683604334.042447",
        "True,m,1683604334.193625",
        "True,e,1683604334.242187",
        "True,m,1683604334.34384",
        "True,b,1683604334.456213",
        "True,e,1683604334.585958",
        "True,r,1683604334.66821",
        "True,s,1683604334.733114",
        "True, ,1683604334.781763",
        "True,w,1683604334.931768",
        "True,o,1683604334.965312",
        "True,r,1683604335.094004",
        "True,k,1683604335.142826",
        "True, ,1683604335.208489",
        "True,t,1683604335.289101",
        "True,o,1683604335.321363",
        "True,g,1683604335.87712",
        "True,e,1683604336.023103",
        "True,t,1683604336.105163",
        "True,h,1683604336.170346",
        "True,e,1683604336.513483",
        "True,r,1683604336.580203",
        "True, ,1683604336.645498",
        "True,t,1683604336.774365",
        "True,o,1683604336.806483",
        "True, ,1683604336.854609",
        "True,a,1683604336.969635",
        "True,c,1683604337.08658",
        "True,c,1683604337.235975",
        "True,o,1683604337.28431",
        "True,m,1683604337.365656",
        "True,p,1683604337.398741",
        "True,l,1683604337.578618",
        "True,i,1683604337.743093",
        "False,s,1683604337.759614",
        "False,h,1683604337.776152",
        "False, ,1683604337.90833",
        "False,a,1683604337.990509",
        "True,s,1683604338.779034",
        "True,h,1683604338.812901",
        "True, ,1683604338.862928",
        "True,a,1683604338.962877",
        "True, ,1683604339.011576",
        "True,s,1683604339.173555",
        "True,i,1683604339.242043",
        "True,n,1683604339.291112",
        "True,g,1683604339.355974",
        "True,l,1683604339.47486",
        "True,e,1683604339.539629",
        "True, ,1683604339.572187",
        "True,t,1683604339.670841",
        "True,a,1683604339.752681",
        "True,s,1683604339.83603",
        "True,k,1683604339.86857",
        "True,.,1683604340.036483",
        "True, ,1683604340.103933",
        "True,A,1683604340.187458",
        "True,m,1683604340.285571",
        "True,o,1683604340.352132",
        "True,n,1683604340.451844",
        "True,g,1683604340.518885",
        "True, ,1683604340.569041",
        "True,p,1683604340.685534",
        "True,a,1683604340.817077",
        "True,i,1683604340.884997",
        "True,r,1683604341.000988",
        "True, ,1683604341.051719",
        "True,p,1683604341.185427",
        "True,r,1683604341.285065",
        "True,o,1683604341.604665",
        "True,g,1683604341.721975",
        "True,r,1683604341.904835",
        "True,a,1683604341.987861",
        "True,m,1683604342.037809",
        "True,m,1683604342.137992",
        "True,i,1683604342.222708",
        "True,n,1683604342.305956",
        "True,g,1683604342.339493",
        "True,',1683604342.452174",
        "True,s,1683604342.583949",
        "True, ,1683604343.259765",
        "False,m,1683604343.573103",
        "True,a,1683604343.739366",
        "True,n,1683604343.820911",
        "True,y,1683604343.952852"
    ]
}